CustomerID,FirstName,LastName,PostalCode,City
101,Stephanie,Coleman,94389,New Eric
102,Patricia,Rodriguez,16077,Lake Jasonport
103,William,Phillips,83490,Stacymouth
104,Paul,Williams,23773,North Lauratown
105,Teresa,Clark,97062,New Edward
106,Robert,Johns,34792,Danielleside
107,Julia,Newman,90455,Karenport
108,Robert,Taylor,78887,South Jaredburgh
109,Christian,Smith,91371,Owensfurt
110,Rachel,Strickland,82891,Lake David
111,Jason,Humphrey,60656,Jenniferberg
112,Stacy,Patton,46966,Hicksmouth
113,Ashley,Black,60203,Port Amandamouth
114,Richard,Solis,92228,New Kimberlyberg
115,Scott,Heath,11533,North Amy
116,Jamie,Holt,90660,Jeffreymouth
117,Russell,Williams,61442,Halemouth
118,Vanessa,Hall,05477,Bowmanside
119,Matthew,Rodriguez,46760,Port Melaniestad
120,Tammy,Acosta,20374,Timothyport
121,Francis,Walker,32580,Jonathonmouth
122,Jennifer,Thomas,12180,Lake Sophia
123,Susan,Pace,89143,Laurentown
124,Craig,Cooper,42144,Taraberg
125,Maria,Valencia,39526,Port Shanehaven
126,Kayla,Buckley,87492,Jillianville
127,Jacob,Reid,91328,Michaelfurt
128,Nancy,Lee,92346,North Gregory
129,Richard,Chung,21368,Port Timothy
130,Christopher,Parks,16286,Morrisstad
131,Rhonda,Huber,69041,Guerramouth
132,Daisy,Aguilar,65379,Youngborough
133,Susan,Flores,27328,Joneschester
134,Heidi,Lane,12209,East Christianchester
135,Jessica,Herrera,58919,Nguyenberg
136,Bryan,White,85622,Hensonhaven
137,Alexander,Roberts,48445,West Robert
138,Matthew,Ward,11065,Dannyland
139,Christopher,Thompson,84825,West Douglas
140,Melanie,Valentine,92804,West Julie
141,Laura,Jordan,54435,Kylechester
142,John,Jones,74361,East Kennethtown
143,Juan,Whitney,19396,East Gregoryshire
144,Nancy,Guerra,07541,Longmouth
145,Laura,Morris,19669,Nancyton
146,Jennifer,Allen,42230,Dixonbury
147,Dominique,Turner,18594,Masseyhaven
148,Desiree,Martinez,76828,North Tammy
149,Alexandra,Arias,93310,Anthonychester
150,Jennifer,Palmer,71783,Sarahhaven
151,Maria,Hall,19489,Rodriguezburgh
152,Scott,Hammond,82846,Lake Jon
153,David,Zamora,70598,Strongland
154,Eric,Martinez,05359,Carterburgh
155,Angela,Mercer,56285,Wongport
156,Marie,Brown,59500,South Spencerchester
157,Jose,Stout,10353,Davidfort
158,Andrea,Hahn,37666,Traciefurt
159,Ashley,Brown,51263,New Austinstad
160,Elizabeth,Wilson,06735,Turnerberg
161,Evan,Decker,75087,Smithstad
162,Robert,Guerra,73392,North Andrew
163,Robert,Williams,21779,Micheleville
164,Adam,Landry,68202,Lake Mariamouth
165,Tracy,Thomas,16878,West Pamelaberg
166,Stephanie,Castaneda,17790,Mcneilland
167,Charles,Powers,62427,Lake Frank
168,Craig,Wong,02653,East Breannamouth
169,Charles,Ramos,10125,Owenside
170,Deborah,Gonzales,35929,West Thomasview
171,David,Roberts,59778,Jamesview
172,Brooke,Thompson,79753,Jenniferland
173,Johnny,Mclean,88816,Danachester
174,Jacob,Morales,23495,Lake Luis
175,Kyle,Wilson,07552,North Thomas
176,Jacob,Harris,86151,Foxmouth
177,Brandon,Hayden,73699,Duffyfort
178,Michael,Preston,09739,Melissaport
179,Amy,Erickson,08484,Juarezhaven
180,Vincent,Hill,19285,Matthewshire
181,Garrett,Pitts,48880,Lake Tonya
182,Ashley,Anderson,45177,New John
183,Allen,Walker,81832,Marshallfurt
184,Melissa,Foster,63973,Burnettshire
185,Michael,Davis,40055,Millerside
186,Brandon,Smith,37739,Anthonyborough
187,Jessica,Taylor,98576,East Laura
188,Wendy,Rodriguez,85305,Youngfurt
189,Kevin,Reynolds,05532,South Sarahchester
190,Richard,Adams,13771,Christophermouth
191,Erica,Chapman,13028,Samanthaville
192,Janet,Peters,88525,Ramosside
193,Robert,Lara,02793,South David
194,Janet,Donovan,73249,Robertport
195,Amanda,Rice,56345,West Brian
196,Michael,Henson,77726,East Carolyn
197,Kimberly,Gonzalez,65358,South Kariberg
198,Nancy,Garcia,64837,Laurenhaven
199,Richard,Holloway,12973,Kramerport
200,Jonathan,Pearson,46978,East Kevinport
201,Alisha,Armstrong,40593,Kington
202,Ashley,Simon,09816,South Staceyland
203,Amanda,Davis,59468,Maddenmouth
204,Ann,Davis,11056,Port Belinda
205,Deborah,Schneider,69086,Joannshire
206,Melissa,Williams,14860,Lake Shannonport
207,Elijah,Kennedy,82284,East April
208,Sandra,Robinson,42948,Penningtonchester
209,Elizabeth,Taylor,58686,Lake Heidi
210,Shannon,Kennedy,21382,Brennantown
211,Heather,Diaz,73239,South Christina
212,Christopher,Edwards,67391,West Jeffrey
213,Laura,Perkins,14056,Dawnburgh
214,Donald,Mcconnell,05326,Lozanoton
215,Dustin,Clark,59079,Richardton
216,Kim,May,31998,Sarahmouth
217,Juan,Collier,32213,West Brianmouth
218,Karen,Brown,93316,Frankburgh
219,Matthew,Mcmillan,70491,Amychester
220,Lisa,Graham,21226,Davidhaven
221,Stacy,Roberts,97513,North Mercedes
222,Robert,Watkins,87861,New Aaronview
223,Joy,Greer,61957,Cherryton
224,Aaron,Young,21737,North Barbara
225,Jordan,Thompson,67143,New Saraburgh
226,Michael,Montgomery,30439,North Christopherhaven
227,Christian,Everett,82220,North Duane
228,Eileen,Mccarthy,53867,Andersonville
229,Jose,Lee,19758,Gilberthaven
230,Stacy,Evans,23510,West Patrickstad
231,Brian,Stewart,40505,Christinemouth
232,Robert,Long,65984,Weeksland
233,Nicole,Brown,43839,New Kelly
234,Nathan,Torres,40694,Johnsonchester
235,Elaine,Phillips,34343,New Tanya
236,Linda,Neal,49461,West Jasmineville
237,Kari,Campbell,98761,Lake Dannyville
238,Lee,Tyler,16593,West Julian
239,James,Conrad,29861,Marshfurt
240,Matthew,Moreno,94330,Smithstad
241,Michael,Petersen,63634,North Crystal
242,Kathryn,Zamora,68056,Kathystad
243,Olivia,Klein,96183,West Joshuaberg
244,Michelle,Miller,07815,Antonioshire
245,Jeff,Martinez,60201,Danielsborough
246,Sarah,Kim,80273,South Steven
247,Jonathan,Vasquez,86477,Lake Kennethborough
248,Jack,Robinson,55772,Lozanoborough
249,Jennifer,Burch,94588,Clarkburgh
250,Krystal,Williams,36152,New Alyssafort
251,Susan,Walter,57100,Lake Sandrabury
252,Denise,Scott,81804,New Manuel
253,Monica,Green,68363,Port Douglas
254,Traci,Simmons,88804,North Jackside
255,Sarah,Shaw,13400,East Sarahton
256,Tiffany,Foley,09167,Nelsonberg
257,Diane,Miller,11722,Stephaniefurt
258,David,Mcpherson,80226,Gregorystad
259,Brittany,Pratt,02039,New Zachary
260,Laura,Griffin,60543,Silvamouth
261,Jacqueline,James,08863,Eileenmouth
262,Jonathan,Martin,77152,Lake Reginaton
263,Vanessa,Young,02250,Port Sheila
264,Cheryl,Jenkins,73174,Krystalside
265,Rachel,Cooper,40623,Lake Michael
266,Andrew,Martinez,28223,Diazville
267,Claudia,Simpson,03601,Port Christopher
268,Joseph,Olson,11274,Kennethborough
269,Randall,Harrison,12021,New Michaelburgh
270,Steven,Zimmerman,87148,Garrisonmouth
271,Aaron,Cain,47046,Port Angela
272,Benjamin,Jones,86016,Port Billy
273,James,Obrien,43483,Port Jacqueline
274,Thomas,Robinson,42448,Gilbertview
275,Joe,Williams,12949,New Bonnieside
276,Xavier,Sparks,35893,Port Madeline
277,Stephen,Spencer,25842,Kendraburgh
278,Thomas,Wallace,38119,Mcknighthaven
279,Christy,Kennedy,13586,Lake Leah
280,Brian,Pittman,46141,Parkerport
281,Jose,Fritz,47710,Barajaston
282,Stephen,Washington,34085,New Laurabury
283,Benjamin,Anderson,65963,Evansview
284,Todd,Fry,70513,Martinton
285,Erica,Lewis,58202,Sherrytown
286,Robert,Richardson,21754,North Amanda
287,Christine,Mccullough,07876,Allenfurt
288,Robert,Washington,43514,Port Matthew
289,Brianna,Johnson,56435,East Austintown
290,Whitney,Walker,47361,Lake Richard
291,Omar,Jackson,77806,Port Diana
292,Morgan,May,50010,Smithhaven
293,Angela,Collins,13471,West Carloshaven
294,Tyler,Braun,37124,North Cynthia
295,Rebecca,Sanchez,13677,Amberview
296,Amy,Gibson,84657,Port Aprilmouth
297,Mary,Garcia,26380,Thorntonchester
298,Regina,Wise,62289,Kellymouth
299,Michelle,Frost,65443,New Ashleyview
300,Brenda,Walker,21459,Jamesview
301,Jessica,Horton,94047,Mccoyfort
302,Dawn,Walton,52131,North Chelseatown
303,Tiffany,Spencer,38662,Port Casey
304,Andrew,Conrad,75569,Jordanmouth
305,Oscar,Morgan,38467,South Jamiebury
306,Kelly,Christensen,44450,North Christinebury
307,Martha,Wagner,20948,Molinahaven
308,Anna,Green,89645,East Ryanside
309,Shannon,Oliver,07323,New Jessica
310,Wendy,Walls,30359,Rickview
311,Scott,Weeks,01141,Valdezton
312,Abigail,Garcia,49058,North Miguel
313,Jessica,Castillo,72494,Riosport
314,John,Cochran,20612,Christophertown
315,Susan,Mitchell,78340,West Anthony
316,Amber,Rangel,23044,Melissahaven
317,James,Gray,65027,Taylorbury
318,Jo,Rice,64381,Moodyside
319,Amanda,Ward,72303,Barbaraborough
320,Alyssa,Smith,56471,Shariport
321,Kevin,Marshall,45912,Lake Marisa
322,Brian,Powers,99137,Karenburgh
323,Hannah,Ferrell,15432,Tranland
324,Sarah,Mejia,98341,Paulberg
325,Michael,Horton,48366,Lake Antonio
326,Kyle,Jackson,51816,Lake Dennis
327,Jacob,Lindsey,96498,Christinaland
328,Jim,Daniel,65010,Jonesview
329,Christina,Wood,17893,Joshuaborough
330,Timothy,Padilla,50994,East Kristi
331,Barbara,Price,55869,Port Douglas
332,Julie,King,58993,Howardburgh
333,Stephanie,Carter,91570,Miabury
334,Jason,Williams,30568,East Tonyaberg
335,Guy,Miller,01903,New Sarah
336,Deborah,Miller,37426,West Heather
337,Tiffany,Johnson,80282,Timothyburgh
338,Yvette,Burton,04912,Keyport
339,Jennifer,Chase,81666,Martinview
340,Jeremy,Howell,84436,Paulaland
341,Pamela,Johnson,93629,Joelview
342,Matthew,Figueroa,01817,Lake Jennifer
343,Lawrence,Bradley,29337,North Vincentburgh
344,Joshua,Villarreal,38723,Jessicaton
345,Emily,Brown,45874,Patriciaborough
346,Kyle,Patrick,80008,Reesetown
347,David,Gordon,89927,Port Deborah
348,Linda,Ward,52972,West Stephen
349,Kayla,House,18338,Port Ashley
350,Brittany,Hudson,90664,Erikachester
351,Catherine,Marquez,75833,Michaelside
352,Craig,Spencer,27472,Jeremiahton
353,Anthony,Patel,69554,Salazarborough
354,Molly,Porter,86758,Port Michael
355,Michael,Osborne,81528,Kaylachester
356,Kristopher,Webb,80887,Sparksview
357,Lorraine,Sullivan,95989,West Cody
358,Michelle,Wheeler,12938,Port Theresa
359,Barbara,Henderson,70317,Peterstad
360,Shane,Yoder,06958,Williamsmouth
361,Anthony,Savage,72315,Youngton
362,Laurie,Mcconnell,23330,Robertfurt
363,Amy,Smith,08825,Dawnborough
364,Madison,Rivera,12676,Reginaberg
365,Carol,Hood,59428,Wrightburgh
366,Deborah,Aguirre,81478,Smithfort
367,Derek,Johnson,60417,Prestonside
368,Kelly,Taylor,88637,East Victormouth
369,Michael,Woods,92357,Lake Rachel
370,James,Jimenez,49147,Brendamouth
371,Jessica,Hernandez,60430,West Amy
372,Eric,Vang,60640,Morganburgh
373,Andrew,Lester,90427,Jaimechester
374,Amanda,Hull,27092,Kellimouth
375,Stephanie,Edwards,62030,Port Ryan
376,John,Walter,44183,Gardnershire
377,Christine,Joseph,52686,East Noahbury
378,Shannon,Campbell,43499,Beckerfurt
379,Phillip,Nguyen,49966,East Paulmouth
380,Kyle,Griffin,20128,Port Diana
381,Margaret,Morrison,91883,East Julie
382,Aaron,Branch,29846,New Monique
383,Suzanne,Roberts,58846,Trevinochester
384,Jacqueline,Sullivan,52630,Jamesshire
385,Jimmy,Flowers,07325,South Ericmouth
386,Shannon,Rice,52204,Howardborough
387,Richard,Todd,63183,Janetport
388,Jennifer,Davis,24955,Rachelhaven
389,Stephanie,Mullen,61806,South Russellchester
390,Dawn,David,41217,Port John
391,Julia,Carrillo,64189,Smithside
392,Katie,Perez,81208,Port Jeanne
393,Jennifer,Obrien,73212,Summerschester
394,Stephanie,Martinez,80731,New Cynthia
395,Robert,Oneill,18121,Pricetown
396,Jessica,Mcguire,34433,Petersport
397,Betty,King,65151,New Timothy
398,Michael,Palmer,05624,North Kellyfurt
399,Kristin,Taylor,11048,Kaylamouth
400,Jesse,James,51912,North Michaelstad
401,Alicia,Randall,53844,North Rachael
402,Javier,Wade,06727,New Tamara
403,Shannon,Watkins,54453,Lake Brittanyside
404,Margaret,Rivera,03343,New Jordanborough
405,Brianna,Buck,73607,Lake Lisafort
406,Jennifer,Russo,19539,Port Amanda
407,Tanya,Carlson,61118,Abigailmouth
408,Jonathan,Barnes,73116,Brooksville
409,Nicole,Martin,96767,Tuckerville
410,Valerie,White,90679,South Thomaston
411,Denise,Drake,63915,New Stephanie
412,Catherine,French,48215,Jacksonton
413,Stanley,Mcintosh,41468,Port Katherine
414,Jessica,Sharp,70272,Ramosport
415,Teresa,Key,96203,West Jamesstad
416,David,Long,39792,Buchananfort
417,Eric,Hammond,75926,Seanfort
418,Teresa,Smith,13359,Emilyside
419,Andrea,Figueroa,58839,Port Erinbury
420,Melanie,Butler,81324,Port Jason
421,Andrew,Thomas,50389,Lisastad
422,Susan,Marshall,51752,Ramirezborough
423,Walter,Herrera,75548,Lake Anthony
424,Samantha,Harrison,15437,New Elizabeth
425,Derek,Roberts,35412,Kennethborough
426,Jesse,Smith,48322,New Tonyaview
427,Jamie,Decker,32931,East Kelly
428,Michelle,Duncan,60833,Port Michelle
429,Austin,Davis,10733,Wesleyfort
430,Michelle,Smith,70162,Cochranbury
431,David,Chandler,73013,West Jeremyhaven
432,James,Huynh,69660,Lake Vanessaton
433,Holly,Good,41483,Port Valerietown
434,David,Adkins,10006,East Robertton
435,Jessica,Nelson,32772,New Christopher
436,Charlotte,Foley,06365,West Haley
437,Michelle,Garcia,01831,Jordanville
438,John,Grant,82201,Port Mary
439,Cody,Carpenter,53186,Woodsview
440,David,Warren,88032,Timothybury
441,Jeffrey,Myers,16676,New Dawnberg
442,Dustin,Mcdonald,59292,New Victor
443,Roberto,Lawson,15751,East Craig
444,Justin,Tucker,30939,Johnsonmouth
445,Jeffrey,Clark,85848,Lake Heather
446,Kyle,Miranda,51967,Hawkinsborough
447,John,Decker,56442,Lake Thomas
448,Timothy,Rasmussen,04681,West Tracyfort
449,Maria,Myers,98938,Lopezport
450,Scott,Lewis,66731,Medinaburgh
451,Elizabeth,Baker,58292,Palmershire
452,Brian,Carter,64656,Lake Michellemouth
453,Steven,Mora,59307,Reginaldville
454,Derek,Ward,89491,New Michaelfort
455,Joshua,Jones,37776,Bartletttown
456,Daniel,Edwards,68680,Rachelchester
457,Brian,Miller,31577,West Rachelland
458,Stephen,Wilkinson,93368,West Nathanielview
459,Michele,Ware,58526,New Sandraton
460,Benjamin,Hogan,03779,New Benjaminton
461,Susan,Olsen,09106,East Brian
462,Joanne,James,87088,North Connor
463,David,Gonzalez,12468,Lake Jennastad
464,Christopher,Ali,68676,Amandaburgh
465,William,Coleman,38088,Delgadoland
466,Brian,Carey,18920,Lake Victoria
467,Angela,Bell,67335,North Charles
468,Jeremy,Hunter,31329,Simmonsborough
469,James,Alvarado,81691,South Codyfurt
470,Emily,Dudley,30823,East Gary
471,Nicholas,Davila,72116,Stephensborough
472,Elizabeth,Vincent,81024,East Jennifer
473,Carol,Williamson,78628,Valeriemouth
474,Julia,Evans,90191,Shortport
475,Brandy,Chandler,05184,Port Michelleview
476,Jessica,Williams,93410,West Victoria
477,Corey,Duarte,70109,Martinezmouth
478,Kathryn,Lam,88357,Dustinshire
479,Karla,James,22370,West Amy
480,Antonio,Lyons,26392,East Justinburgh
481,Ryan,Bailey,57091,Port Michaelton
482,Nicole,Woodward,57291,New Bruce
483,Alec,Anderson,43679,Port Jermainefort
484,Stephen,Barnes,02080,New Madisonborough
485,Stacy,Snyder,60388,Jenniferburgh
486,Jeremy,Todd,82988,South Charles
487,Tara,Martinez,15448,Lake David
488,Cynthia,Mosley,03512,Alexside
489,Teresa,Oconnor,91026,Acostaview
490,Jose,Peterson,47402,South Jasmineville
491,Darren,Cook,96272,Port Jasonfort
492,Renee,Clark,05384,Lake Scott
493,Emily,Patel,07033,Duncanmouth
494,Allison,Scott,44684,Port Rodneytown
495,Joshua,Brown,82562,North Amanda
496,Lisa,Mcfarland,22421,Port Brian
497,Nicole,Bryan,18984,Kellyville
498,Brandi,Fowler,28562,Davidchester
499,Jessica,Joseph,86589,Trujillobury
500,John,Woodard,81164,Steelefort
501,Jeremy,Jackson,76610,New Erikstad
502,Sean,Holt,09069,Olsonmouth
503,Martin,Newman,55833,Kimberlyshire
504,Michael,Bender,24261,North Jacob
505,Elizabeth,Kelly,30378,Lake Deanna
506,Laura,Woodward,21535,Davidfurt
507,Blake,Patton,96967,Greenchester
508,Janice,Brock,08401,Davidbury
509,Alexander,Hill,60252,East William
510,Veronica,Stevens,60647,East Brandon
511,John,Martinez,67438,Simpsontown
512,Laura,Burnett,44289,Sabrinachester
513,Amber,Morris,34108,Port Bryanshire
514,Ashley,Anderson,33101,West Catherinetown
515,Deborah,Anderson,48556,Neilburgh
516,Thomas,Miller,21401,Taylorshire
517,Cynthia,Harris,02879,New Pamelastad
518,Jamie,Weaver,51787,Lake Charlesside
519,Tonya,Fleming,37677,Stephanieville
520,Nathan,Myers,96258,Goodstad
521,Cynthia,Flores,43788,Paulchester
522,Amy,Davenport,23221,Ericbury
523,Crystal,Jones,44121,Karenport
524,Kathy,Lopez,56512,West Melissa
525,Lauren,Avila,39186,Janicefurt
526,Jessica,King,26552,New Morgan
527,David,Daniels,23766,South Kelsey
528,Sarah,Nelson,71873,Lake Austinshire
529,Crystal,Logan,17222,Melaniechester
530,Justin,Dean,18007,East Theresamouth
531,Daniel,Olson,32345,Westhaven
532,Jennifer,Jones,09953,Samanthastad
533,Jennifer,Mendoza,92351,New Jason
534,Michael,Garcia,22590,East Jamesmouth
535,Jennifer,Miller,40444,Thompsonhaven
536,Sherry,Brown,66680,Lake Thomas
537,Theresa,Stone,08869,Lyonschester
538,Nancy,Davis,95981,Woodsport
539,Jessica,Hanson,63069,North Anthony
540,James,Humphrey,22882,West Seanburgh
541,Kristina,Hawkins,41742,Mayborough
542,Michelle,Williams,80380,Port John
543,Brian,Castaneda,73098,Timothyshire
544,Amy,Ward,33662,North Monica
545,William,Morales,29362,Smithland
546,James,Norton,48530,East Tracyhaven
547,Jordan,Clarke,30805,Danaside
548,Miguel,Smith,05823,Lake Melissa
549,Jessica,Allen,76056,New Shawn
550,Nicholas,Jordan,35370,West Rebecca
551,Paige,Butler,20926,Port Tracey
552,Kristen,White,16406,Friedmanmouth
553,Lauren,Morris,35625,Bartonfort
554,Paul,Gomez,44198,Jasonfurt
555,Chad,Mcfarland,17699,Lawrenceside
556,Kim,Higgins,03596,Bradleyport
557,Kelly,Estrada,88012,Reynoldsborough
558,Jamie,Hicks,21402,Port Williamfort
559,Heather,Williams,50821,Hunterside
560,Meredith,Rodriguez,74912,South Kelly
561,Steven,Cabrera,49680,Stacyborough
562,John,Wilson,41469,South Jesse
563,Nicholas,Soto,21103,Port Cathy
564,Melissa,Dawson,56510,Lake Brandonport
565,Randy,Rivas,18483,Priceburgh
566,Randy,Dougherty,81779,Wallerberg
567,Eduardo,Barton,92920,East Graceborough
568,Susan,Rodriguez,17999,Mcmillanland
569,Robert,Moore,39853,Robertberg
570,Rebecca,Sexton,53671,Andrewmouth
571,Ryan,Smith,02681,Doylestad
572,Jordan,Guerrero,05901,Harrisfurt
573,Joan,Macias,94367,Eugeneville
574,Samantha,Stevens,15928,Port Michael
575,Monique,Gray,09885,Quinntown
576,Michael,Alexander,49880,New Henryborough
577,Carlos,Lewis,70697,South Michael
578,Christopher,Hernandez,75748,Lake Garrettland
579,Adriana,Garrison,60725,Jacksonfort
580,Ashley,Romero,21737,Hendersonhaven
581,Anthony,Casey,75443,New Ashleyfort
582,Tracy,Potter,61626,Lake Thomasborough
583,Jennifer,Sawyer,68451,Madisonshire
584,Katelyn,Boyle,99350,Wrightburgh
585,David,Adams,12218,Matthewville
586,Victoria,Kline,08852,Brookebury
587,Mark,Benson,13116,Robertsstad
588,Gregory,Todd,04569,Amandaburgh
589,Joseph,Mitchell,01772,Mcleanland
590,Marcus,Ramsey,80027,South Andreaberg
591,Michael,Ramirez,84525,Russellberg
592,Gary,Henry,67735,Lake Amandaton
593,Douglas,Martinez,47828,North Joelfort
594,Alisha,Lewis,15481,Port Donald
595,Deanna,Mack,71014,Johnnyville
596,Hayden,Carlson,82570,East Carolynland
597,Dawn,Newton,80628,Lake Tiffany
598,Joseph,Hill,37479,Lindaland
599,Teresa,Miller,81404,Jacobview
600,Andrew,Hutchinson,12909,Michealtown
601,Trevor,Johnson,72092,Joanshire
602,Pamela,Erickson,62801,New Michael
603,Jessica,Duran,88690,Berrytown
604,Richard,Johnson,52824,Garyville
605,Madison,Diaz,45839,Weeksfort
606,Kristen,Johnson,61507,Mitchellfort
607,Theresa,Townsend,98420,Rojasberg
608,Melissa,Williams,06104,Ashleystad
609,Lori,Sherman,08252,Davisborough
610,Danielle,Taylor,27205,Jonesberg
611,Cesar,Randall,34318,Port Brian
612,Pamela,Rivas,97778,Penachester
613,Luis,Beard,87411,East Richardfurt
614,Matthew,Caldwell,99939,East Brandon
615,Christopher,Stewart,41748,Amytown
616,Christopher,Kim,51891,Glassmouth
617,Mark,Smith,81618,West George
618,Susan,Newman,19941,South David
619,Angela,Doyle,61451,North Brian
620,Erika,Quinn,48542,Port David
621,Thomas,Chan,93669,Hessborough
622,Jonathan,Stewart,18798,Terristad
623,Amanda,Owens,47138,New Stanley
624,Angela,Gutierrez,88410,Michaelview
625,Jeremy,Case,75120,South Brianport
626,Elijah,Perez,73779,West Melissafurt
627,Vickie,Mcneil,52056,Port Jasonstad
628,Jeremy,Hood,60709,South Michael
629,Jeremy,Anderson,35379,Scottbury
630,Adam,Rogers,10416,Donaldberg
631,Jonathan,Wheeler,95246,Haleyfurt
632,Keith,Jones,56171,West Madisonberg
633,Christy,Lopez,49221,Lake Juan
634,Benjamin,Sanders,28146,Jonesview
635,Laura,Shaffer,34530,Lake Lisa
636,Sandra,Leblanc,87597,Deanland
637,Jacob,Armstrong,85258,Port Christopher
638,Madeline,Whitehead,02472,Turnerborough
639,Jennifer,Schmidt,66948,Troyfort
640,Sean,Lewis,96748,East Kaylastad
641,Chad,Rivera,72579,South Christineside
642,Tammy,Martin,63668,Kevinborough
643,Matthew,Gutierrez,26852,New Stephaniefort
644,James,Mccall,95165,Lake Joseph
645,Robert,Bowman,78461,Deborahbury
646,Robert,Griffin,68843,Port Tamaraport
647,Ryan,Pena,44282,Nancybury
648,Erica,Nichols,68551,South George
649,Megan,Day,70504,Raymondmouth
650,Alan,Davis,59773,North Dustintown
651,Melvin,Lawrence,44405,Chadborough
652,Martin,Fuller,58159,Leslieton
653,Samantha,Flores,89664,Lake Carl
654,William,Aguilar,25535,North Aaron
655,Kristen,Reed,16783,Isaacberg
656,Jacob,Garrett,25564,Carolchester
657,Sharon,Foley,09564,East Christian
658,Barry,Roy,04561,Port Tammyport
659,Bryan,Ellis,61247,New Roberto
660,Kathleen,Romero,19889,Patrickmouth
661,Stephanie,Ross,83734,East Heather
662,David,Gay,13679,North Jessicahaven
663,Melissa,Lopez,12593,South Dominique
664,Michael,Hess,26762,Haleyview
665,Lydia,Carter,82310,Phamtown
666,Dennis,Brown,13931,South Hannahstad
667,Jacqueline,Sawyer,78393,Evansfort
668,Natasha,Baxter,91928,Annettefurt
669,Pamela,Wright,26451,Daniellechester
670,Christine,Thomas,35101,West David
671,Richard,Pearson,82859,Tylerberg
672,Rebecca,Campbell,34079,North Juliemouth
673,Michelle,Mclaughlin,85693,New William
674,Veronica,Yang,85571,Michaelburgh
675,Sophia,Johnston,05854,West Jonathan
676,Seth,Clayton,63457,Wrightbury
677,Jacqueline,Chavez,96647,North Joseph
678,Thomas,Foster,65725,Danielstad
679,Ellen,Morgan,62524,North Gabrielfurt
680,Erica,Suarez,99584,Jacobmouth
681,Isaiah,Solis,48048,New Brianland
682,Heather,Moore,29883,Sandovalfurt
683,David,Blevins,68662,Grimesmouth
684,Susan,Martin,60323,North Michelle
685,Hunter,Scott,36971,South Beverlymouth
686,Paul,Costa,41437,Petersonfort
687,Leah,Moran,57577,Port John
688,Michael,Brown,21094,Lake Michele
689,Melanie,Gomez,17093,Smithshire
690,Dustin,Mcneil,25363,Amandaborough
691,James,Howard,03573,East Joe
692,Sheri,Morgan,29829,North Anthonyton
693,Heidi,Brown,02538,Laurashire
694,Kevin,Sampson,81889,Reyesland
695,Jose,Neal,49208,Port Anthony
696,Kenneth,Hardin,85411,Elliotttown
697,Alvin,Kirk,41543,Mooreville
698,Maria,Ortiz,29282,West Kayla
699,Robert,Benjamin,11643,Port Joshua
700,James,Smith,20575,East Michaelfurt
701,Andrew,Hansen,27558,Thomasburgh
702,Joshua,Gibson,92028,East Traci
703,Kelly,Garcia,31992,Alextown
704,Brandon,Evans,74810,Brianhaven
705,Brandon,Cunningham,73866,Nancystad
706,Michael,Simmons,55337,North Sherry
707,Samuel,White,42673,Lake Brianstad
708,Jeanette,Barker,32364,East Melvinberg
709,Kimberly,Spence,75990,South Elizabeth
710,David,Ross,14044,East Chad
711,Bryan,Wright,38585,Davismouth
712,Jennifer,Alexander,85411,Moodyborough
713,Mario,Salas,29952,Port David
714,Holly,Garcia,20765,New Adamview
715,Thomas,Valdez,53410,North Julie
716,Julie,Taylor,70282,West Williamville
717,Benjamin,Stephenson,37814,South Samantha
718,Barry,Foley,25305,Solomonberg
719,Carol,Crosby,21674,New Stephanie
720,Chad,Jones,00659,New Joshuastad
721,Deborah,Shelton,44036,South Cynthialand
722,James,Coleman,32792,East Cynthia
723,Traci,Evans,37516,Mayfort
724,Matthew,Adams,68514,Kristiport
725,Renee,Murphy,48266,East Patrick
726,Meghan,Spence,77897,Nelsonmouth
727,Larry,Mason,84751,Greenmouth
728,Pamela,Patterson,73404,South Glentown
729,Jesse,Hall,67496,West Adamland
730,Justin,Gonzalez,50997,Melissafurt
731,Jason,Morales,39494,Mckeeport
732,Robert,Mcgrath,18359,Katherinehaven
733,John,Esparza,97441,Suttonside
734,Nicole,Perry,50971,North Daniel
735,Vanessa,Weiss,07624,West Amyburgh
736,Lindsay,Stevens,62656,West Brookeborough
737,Michael,Moore,15163,Andersonview
738,Thomas,Wise,04999,Lake Timothyside
739,Todd,Wright,13571,New Jenniferstad
740,Linda,Weber,45577,South Stephanie
741,Lisa,Donovan,44369,South Miranda
742,Sharon,Pham,80689,Katherineburgh
743,Gary,Vasquez,52537,Brianborough
744,Eric,Mcdaniel,21594,New Rebecca
745,Laura,Berry,82256,East Williamburgh
746,Jermaine,Gonzalez,88248,New Kimberly
747,Valerie,Hurst,53862,Port Aaronside
748,Abigail,Smith,63765,Bryanttown
749,Francis,Cortez,69606,Aguilarport
750,Jeffrey,Mccoy,87238,North Paulburgh
751,Valerie,Cantu,28966,Amberview
752,David,Shannon,22687,New Seanshire
753,Danielle,Walker,00914,Anthonyborough
754,Elizabeth,Wright,74648,Jeffreyburgh
755,Bryan,Gomez,88141,Brendaside
756,Melissa,Zimmerman,58355,Thomaschester
757,Brandon,Mcknight,06557,Megantown
758,Susan,Andrews,17239,Davischester
759,Brian,West,57691,Waltersside
760,Ernest,Smith,31826,Ginafort
761,Noah,Rowe,32534,Kaufmanbury
762,Ashley,Wallace,79994,Hudsonport
763,Anthony,Ayers,54786,Flemingland
764,Kelly,Williams,58085,East Ginaborough
765,Cynthia,Perez,56889,North Rickyberg
766,Elizabeth,Barnes,02860,Brownside
767,Rachael,Morgan,40158,Lake Marcusshire
768,Shannon,Wilkinson,57939,Marymouth
769,Brandi,Harris,85857,South Kevinfort
770,Danielle,Robinson,90709,Justinberg
771,Brittney,Le,43259,North Wesley
772,Larry,Huff,18154,West Veronicafort
773,Savannah,Lewis,09957,Jaimetown
774,Jose,Holden,93772,Ramirezton
775,Wesley,Clark,72297,Thomasstad
776,Theresa,Owens,32972,Lake William
777,Brett,Jones,50468,Janettown
778,Terri,Rhodes,12428,Maryberg
779,Tyler,Phillips,82427,Elliotttown
780,Sydney,Vazquez,97082,South Anthony
781,Jennifer,Walsh,29858,Hodgesborough
782,Anthony,Newton,94748,New Lauraborough
783,Samuel,Sheppard,61667,Brianborough
784,Megan,Burnett,93256,Meganchester
785,Maria,Richards,48144,Aliciaborough
786,Evan,Brown,10795,Perezview
787,Benjamin,Stephens,84094,Port Kayla
788,Kyle,Prince,03230,Angelamouth
789,David,Thomas,66508,New Kristineshire
790,Paula,Dominguez,38284,Millerfurt
791,Nicole,Johnson,90393,Nancyport
792,Mercedes,Reese,81330,Joshuaview
793,Erin,Turner,60326,Johnview
794,Elaine,Krause,56438,Littleport
795,Jonathan,Sellers,27467,Lake Stephanie
796,Heather,Anderson,58047,New Matthew
797,Roy,Morrison,31566,Staffordchester
798,Sandra,Smith,19457,Bryanborough
799,Karen,Jensen,55586,Warrenmouth
800,Dylan,Blair,61508,Taylorfurt
801,Richard,Berg,58149,South Kimberly
802,Ian,Taylor,67306,Doylechester
803,Nicholas,Young,98671,Jimenezstad
804,John,Ross,01978,West Sallyshire
805,Daniel,Ramirez,46911,Bensonview
806,Anthony,Barton,47664,Stevensport
807,Kyle,Parrish,27952,Christopherport
808,Elizabeth,Knight,07583,Thomasville
809,Christopher,Stewart,75072,Matthewfurt
810,April,Blevins,53657,North Steveview
811,Jessica,Richards,53493,Kathrynland
812,David,Spence,57105,West Jonathanbury
813,Michelle,Garcia,73624,Greenechester
814,Suzanne,Davis,69159,South Mark
815,Denise,Villegas,21598,West Michael
816,Katie,Welch,93958,Lake Ericatown
817,Brent,Peterson,82598,Port Elizabeth
818,Ashlee,Abbott,70370,East Toddstad
819,Thomas,Wells,62947,North Coreyfurt
820,Kevin,Jones,40662,Aguilarside
821,Jasmine,Hill,79455,West Kenneth
822,Jonathan,Jordan,53757,North Levi
823,Felicia,Sampson,14870,East Kimberly
824,Troy,Martin,80424,East Calvin
825,Tammy,Jackson,26637,Debrafurt
826,Juan,Thomas,36141,North Nicoleview
827,Jeremy,Young,01507,Meyerport
828,Rebecca,Gibson,71757,Port Masonland
829,Jennifer,Mcgee,59341,Hernandezfort
830,Debra,Mendez,66557,Diazchester
831,Kimberly,Baldwin,49704,South Jamesville
832,Katherine,Velazquez,29336,Ianville
833,Brian,Adams,26217,Lake Melissahaven
834,Miranda,Jones,93184,Brendaberg
835,Jonathan,Christensen,81027,East Calvintown
836,James,Bradley,55824,West Beverlybury
837,Francisco,Gutierrez,69189,Smithmouth
838,Hailey,Wilkerson,38857,Pearsonville
839,Melissa,Jimenez,86476,Port Kariborough
840,Cassie,Gibson,49348,Lake Jefferyland
841,Jared,Bennett,31128,North Joyce
842,Lauren,Harris,83151,North Melissa
843,Donald,Harris,98578,Christineshire
844,Pam,Valdez,21784,Port Meredithfort
845,Jill,Davis,43589,New Douglasburgh
846,Melissa,Waters,32063,East Mitchell
847,David,Potter,89128,Kevinview
848,Joshua,Wheeler,25827,North Patriciashire
849,Christine,Johnston,57382,West Jamiefurt
850,Savannah,Carey,61858,Joshuaborough
851,Gina,Farrell,75222,Danielport
852,Matthew,Jackson,76680,Gutierrezburgh
853,Jennifer,Davis,91338,Mejiaton
854,William,Yates,91866,Port Michaelshire
855,Logan,Martin,55766,East Paulamouth
856,John,Ward,02860,Kristenborough
857,Kimberly,Brown,32605,South Joshua
858,Janice,Winters,35502,West James
859,Kathleen,Roberts,92980,Michaelburgh
860,Shannon,Anderson,03630,Ellischester
861,John,Harris,74847,East Karen
862,Tyler,Hicks,42400,Bethfurt
863,Rebecca,Chen,98069,South Jonathanmouth
864,Joanne,Hayes,40540,Jasonfort
865,Joe,Ayala,13991,Hillmouth
866,Natalie,Lewis,80687,South Austinstad
867,Zachary,Lowe,74088,Jessicaville
868,Sarah,Miller,88950,West David
869,Lauren,Ferguson,11194,Lake Jessicaside
870,Lawrence,Gill,54796,Coopermouth
871,Tricia,Ward,15236,Andersonburgh
872,Felicia,Torres,54077,Watsonborough
873,Bradley,Hoffman,96194,Mendozashire
874,Christopher,Pitts,79043,Garciafort
875,Sarah,Washington,60024,Catherinebury
876,Phillip,Reeves,40373,Millertown
877,Max,Gomez,28467,North Dale
878,Caleb,Guzman,96353,Anthonyport
879,Michelle,Rodriguez,29994,New Brittany
880,Valerie,Ho,08106,Simmonsfort
881,Ashley,Nelson,18279,Lake Gabrielafurt
882,Amanda,Nicholson,61558,Melissashire
883,Alejandra,Perez,04145,Martinezshire
884,Samantha,Webb,26186,North Daniel
885,Diana,Cunningham,94098,North Sherry
886,Carla,Peck,04752,Michaelland
887,Tina,Freeman,04366,Port Angelafurt
888,Jeffrey,Palmer,61993,New Ronaldville
889,Donald,Sutton,76227,South Jesse
890,Cassandra,Matthews,64693,West Courtney
891,Bryan,Trevino,81701,Port Michealmouth
892,Tami,Garcia,79154,Lake Lynn
893,Rebecca,Simpson,23064,North Daniel
894,Jesse,Brady,90053,Sandraberg
895,Michael,Thompson,00971,Matthewville
896,Juan,Flowers,79789,West Mitchellstad
897,Timothy,Miller,23825,North Elizabethbury
898,Hannah,Wolfe,65274,Smithside
899,Patrick,Morrison,98495,Ramirezmouth
900,Reginald,Erickson,74765,New Monicamouth
901,Jessica,Sanchez,68538,Pruittbury
902,Cynthia,Zamora,04233,Elizabethview
903,Zachary,Ward,56579,Erikberg
904,Jacob,Conley,36237,Lawsontown
905,Emily,Bell,69499,New Paigestad
906,Jonathan,Roberts,56846,Jamesberg
907,Kenneth,Taylor,03705,Patrickville
908,Sean,Perez,47831,North Elizabeth
909,Heather,Martin,71984,Watsonborough
910,Danny,Huffman,91980,Port Lawrence
911,Andre,Thompson,81099,Martinezfort
912,Carl,Anderson,75851,Kristinview
913,Tammy,Williams,15245,Clarkchester
914,Bianca,White,21931,Port Brian
915,Julia,Mcdonald,31453,Port Paulside
916,Shawn,Jones,84296,Brianton
917,Mark,Brown,69353,Amandaside
918,Joseph,Patterson,34456,Laurenhaven
919,Melissa,Jones,27579,Diazside
920,Curtis,Morgan,62497,East Christopherton
921,Amy,Dean,86591,Guerraburgh
922,Dawn,Harris,58629,Lake Jimmychester
923,Elizabeth,Baker,16298,Lindaborough
924,Stephen,Holt,46393,West Mariaville
925,Amanda,Williams,65066,Reynoldstown
926,Susan,Williams,17345,East Sarah
927,Robert,Shepard,01062,Baileychester
928,Dawn,Yoder,55130,North Christinefurt
929,Michael,Joseph,37271,Shortview
930,Tiffany,Arroyo,37830,East David
931,Danielle,Butler,07560,South Anita
932,Lawrence,Brown,89991,Alexandrahaven
933,Clinton,Jones,57183,Port Christyport
934,Nicole,Pratt,24016,West Andres
935,Eric,Perkins,03467,Port Adam
936,Julie,Carter,91556,New Eduardochester
937,Curtis,Dean,97162,Port Tammy
938,Carolyn,Cantu,86319,New Carlosfort
939,William,Johnson,01938,Lake Megan
940,Zachary,Gonzalez,10769,Briggsstad
941,Katherine,Johnson,03396,West John
942,Gregory,Moss,72653,West Nicolemouth
943,Kristina,Villanueva,24821,New Karen
944,Gerald,Gonzalez,66458,South Courtneytown
945,Taylor,Blanchard,47594,East Carrie
946,Ellen,Strickland,90297,Port Lindsay
947,Bethany,Simpson,15127,New Susanbury
948,Diane,Lynch,00793,Carolynland
949,Sean,Mitchell,21967,North Monicaside
950,Brenda,Hill,15754,Yangville
951,April,Hickman,01083,Lewistown
952,Carl,Whitehead,52606,Burtonfort
953,Nicole,Hahn,15123,Lake Tammy
954,Jesse,Roberts,69777,North Rachelburgh
955,Lucas,Walters,40079,Tonyborough
956,Scott,Young,13202,Lake Meganborough
957,Anthony,Hale,64733,North Codyborough
958,Brandon,Reid,57437,Steventown
959,Jessica,Conley,57280,North Jenna
960,Tracy,Farmer,16900,South Kellystad
961,David,Lewis,04847,Victoriashire
962,Matthew,Howell,04116,Pattersonberg
963,Paula,Peterson,76095,Stevenburgh
964,Michael,Bryant,51616,Mindyshire
965,Karen,Powell,17719,Doyleburgh
966,Christopher,King,58775,East Terri
967,Christopher,Davies,68816,East Amberview
968,Sonya,Reynolds,26207,New William
969,Daniel,Moore,99102,East James
970,David,Lopez,07357,West Oliviamouth
971,Peggy,Wilson,91516,Hoodside
972,Ryan,Martinez,07338,North Monique
973,Ruben,White,89775,Ruiztown
974,Hailey,Smith,77552,West Arthurfort
975,Jennifer,Sosa,16508,New Susantown
976,Christopher,Wilson,66994,West Tracy
977,Hannah,Thomas,77243,East Johnmouth
978,William,Evans,78677,North Alanton
979,Yolanda,Johnson,80273,Lake Patriciaville
980,Shelly,Cobb,16214,Harperstad
981,George,Davis,51859,Port Sabrinaview
982,Lisa,Ortiz,50454,South Tammy
983,Juan,King,43778,Costastad
984,Brenda,Norris,96712,Sierraton
985,Dillon,Hanna,87443,North Jamesmouth
986,Aaron,Hunter,73450,Walkertown
987,Janet,Evans,16019,West Scottport
988,Thomas,Dunn,29681,Port Jody
989,Thomas,Mendoza,07804,Port Courtneyview
990,Tommy,Hendricks,09961,Rachaelfort
991,Robert,Richardson,74763,Nicholsfort
992,Kenneth,Gardner,10493,Lake Christophertown
993,Madison,Short,44130,Lopezmouth
994,Travis,Smith,49035,New Tina
995,Thomas,Jones,94410,New Jessicamouth
996,Richard,Davis,37719,Carsonchester
997,Christopher,Black,25263,East Jessicamouth
998,Michelle,Lawrence,87436,Lake Andrew
999,Zachary,Farley,10054,West Meghan
1000,Steven,Allison,93833,Colinbury
1001,Michael,Crosby,29969,Simmonsfort
1002,Christian,Smith,80365,New Catherine
1003,Evan,Elliott,14765,North Paul
1004,Stephanie,Mcintyre,97895,Georgeland
1005,Michelle,Charles,65328,East Christina
1006,Shannon,White,12733,Christytown
1007,Jeffrey,Hodge,27622,East Johnstad
1008,Jerry,Ford,52396,Pittsstad
1009,Rose,Garcia,88155,Ericfurt
1010,Jason,Hunt,81365,West Catherinefurt
1011,Dennis,Jackson,11601,West Rhonda
1012,Sharon,Rowe,06728,North Luis
1013,Donna,Franklin,51188,Mcclureside
1014,Lauren,Obrien,64941,Port Nicholasburgh
1015,James,Kim,76523,Lake Angelafurt
1016,Angela,Hanson,34259,West Rachael
1017,Meredith,Wilkinson,45693,Gonzalezbury
1018,Raymond,Gilmore,38161,East Lisaton
1019,Heather,Taylor,48530,East Lindseyport
1020,Carrie,Schwartz,08534,South Leroybury
1021,Stacy,Coffey,32055,Patrickberg
1022,Anne,Perez,31710,Camachohaven
1023,Dana,Lee,08164,Youngburgh
1024,Alice,Evans,18732,Hernandezville
1025,Jim,Jennings,92329,New Guy
1026,Robert,Smith,52699,East James
1027,Daniel,Adkins,45028,Port Karen
1028,Pamela,Brown,54759,Briannashire
1029,Michael,Lee,25139,Jamesberg
1030,Hunter,Hodge,83448,Port Williamland
1031,Ann,Aguilar,08854,Rojasfort
1032,Meghan,Miller,31783,South Monicachester
1033,Rachel,Rubio,43599,South Connie
1034,Jill,Jefferson,13962,West Jeffreyfurt
1035,Brent,Mccoy,98178,West Lonnieburgh
1036,Jerry,Harding,88557,Gonzaleztown
1037,Amanda,Phillips,38927,Warnertown
1038,Erik,Ray,67322,North Amandastad
1039,Brian,Raymond,19625,Kylechester
1040,Corey,Blake,52084,Lake Daniel
1041,Elizabeth,Johnson,27802,Goldenside
1042,Kristina,Harris,66954,West Anthonyborough
1043,Mark,Ball,81298,Lake Lawrencemouth
1044,Justin,Butler,47555,Cooperton
1045,Michael,Brown,60568,West Timothyshire
1046,Jessica,Clark,96143,West Sheila
1047,Kimberly,Arnold,09322,Lake Nathaniel
1048,Patricia,Wolf,60686,South Chelseaburgh
1049,Robin,Hammond,05914,Lake David
1050,Dustin,Wilson,37562,West Joseph
1051,Samantha,Walker,94595,Brendamouth
1052,Phillip,Gomez,73068,South Meganchester
1053,Luke,Sims,42592,Stephenburgh
1054,Patrick,Rodriguez,27973,East Andrewview
1055,Katherine,Cox,76783,Rebeccaburgh
1056,Michael,Rodriguez,61789,Allenmouth
1057,Dennis,Lopez,81739,Pearsonland
1058,Diane,Gomez,20313,Browntown
1059,Eric,Perez,89711,East Garymouth
1060,Charles,Jones,20095,Karenside
1061,Rachel,Gill,24716,South Jenniferberg
1062,Michelle,Jacobson,43776,North Marvinstad
1063,Kimberly,Davis,34828,Jeremyhaven
1064,Jason,Lewis,51533,North Willie
1065,Rebecca,Williams,93882,Kyliefort
1066,Elizabeth,Phillips,10965,Morrisonbury
1067,John,Wright,35257,Port Nicholastown
1068,Benjamin,Velez,53483,East Sean
1069,Shirley,Lee,16089,Antonioberg
1070,Jeffrey,Kelly,76040,Teresastad
1071,Maria,Hinton,87455,New Lori
1072,Diane,Williams,63979,Amyport
1073,Melissa,Fields,41678,East Veronicaville
1074,Linda,Orr,90529,Andrewtown
1075,Andrea,Ford,08801,Grantfurt
1076,Kathleen,Garcia,69666,Lake Michaelview
1077,Andrea,Riddle,21512,Bentleychester
1078,Elizabeth,Williamson,63931,Davisville
1079,James,Martin,06524,Curryville
1080,Christopher,Hernandez,34265,Spenceshire
1081,Jenna,Joseph,14767,Traceyburgh
1082,Kathryn,Farmer,15622,Willishaven
1083,Kristin,Yang,03318,Lake Karenshire
1084,Adam,Thompson,20260,North Lauraburgh
1085,Joyce,Rivera,15738,West Seanstad
1086,Brian,Guzman,51229,Lesliechester
1087,Adam,Solis,86419,Port Gregville
1088,Timothy,Hudson,86291,Coreytown
1089,William,Rose,05124,Josetown
1090,Paul,Ramirez,84871,New Ashley
1091,Douglas,Bruce,27002,Gregoryport
1092,Jason,Henderson,07371,Lake Amy
1093,Diana,Vasquez,84033,Mooreberg
1094,Elizabeth,Lloyd,73102,Lake Robert
1095,Jared,Garcia,73456,Port Sandra
1096,Anthony,Burch,70036,Toddshire
1097,Andre,Lester,51411,Alexandriamouth
1098,Alyssa,Snyder,88371,Port Amberchester
1099,James,Stein,63224,Patelbury
1100,Robert,Brown,72933,North Danielle
